id,nom,code_postal,mail
1,Disney,77700,walt@disney.com
2,Google,75009,emplois@google.com
3,Amazon,65058,contact@amazon.com
4,Apple,54410,contact@apple.com
5,Doowap,42754,bonnebrioche@doowap.fr
6,Poudlard,11499,nimbusdeuxmille@patronus.com
8,Netflix,77548,netflixandchill@tvpopcorn.com
9,LucasFilm,44485,inagalaxy@farfaraway.us
10,La Grande Recree,24120,jouetspar@millier.fr
11,Decathlon,contact@decathlon.com
